{
  "processing": {
    "target_fps": 15,
    "max_frames": null,
    "face_crop_size": 224,
    "face_detection_confidence": 0.5,
    "face_detection_method": "auto",
    "enable_face_tracking": true,
    "tracking_max_distance": 50.0,
    "min_face_size": [30, 30],
    "max_face_size": [300, 300]
  },
  "algorithms": {
    "enable_frequency_analysis": true,
    "frequency_analysis_weight": 1.0,
    "radial_frequency_bands": 8,
    "enable_rppg_analysis": true,
    "rppg_analysis_weight": 1.0,
    "rppg_bandpass_low": 0.75,
    "rppg_bandpass_high": 4.0,
    "rppg_window_size": 256,
    "enable_avsync_analysis": true,
    "avsync_analysis_weight": 1.0,
    "avsync_correlation_threshold": 0.3,
    "enable_geometry_analysis": true,
    "geometry_analysis_weight": 1.0,
    "geometry_smoothing_window": 5,
    "geometry_outlier_threshold": 2.0,
    "enable_cnn_analysis": true,
    "cnn_analysis_weight": 1.0,
    "cnn_model_url": null,
    "cnn_batch_size": 32,
    "cnn_confidence_threshold": 0.5
  },
  "logging": {
    "log_level": "INFO",
    "log_dir": null,
    "console_output": true,
    "file_output": false,
    "structured_logs": false,
    "performance_monitoring": true,
    "max_file_size": 10485760,
    "backup_count": 5,
    "quiet_mode": false
  },
  "performance": {
    "enable_caching": true,
    "cache_size": 100,
    "cache_ttl": 3600,
    "enable_multiprocessing": false,
    "num_workers": null,
    "chunk_size": 10,
    "memory_limit": null,
    "gpu_acceleration": false,
    "gpu_device_id": 0
  },
  "output": {
    "output_format": "json",
    "include_intermediate_scores": true,
    "include_confidence_intervals": false,
    "include_processing_metadata": true,
    "overlay_output": false,
    "overlay_font_scale": 0.7,
    "overlay_thickness": 2,
    "save_face_crops": false,
    "save_debug_images": false
  },
  "environment": "development",
  "debug_mode": false,
  "strict_validation": true,
  "config_version": "1.0"
}
