{
  "processing": {
    "target_fps": 10,
    "max_frames": 60,
    "face_crop_size": 224,
    "face_detection_confidence": 0.5,
    "face_detection_method": "haar",
    "enable_face_tracking": true,
    "tracking_max_distance": 60.0,
    "min_face_size": [40, 40],
    "max_face_size": [200, 200]
  },
  "algorithms": {
    "enable_frequency_analysis": true,
    "frequency_analysis_weight": 1.0,
    "radial_frequency_bands": 6,
    "enable_rppg_analysis": false,
    "rppg_analysis_weight": 0.0,
    "rppg_bandpass_low": 0.75,
    "rppg_bandpass_high": 4.0,
    "rppg_window_size": 128,
    "enable_avsync_analysis": false,
    "avsync_analysis_weight": 0.0,
    "avsync_correlation_threshold": 0.3,
    "enable_geometry_analysis": true,
    "geometry_analysis_weight": 1.0,
    "geometry_smoothing_window": 3,
    "geometry_outlier_threshold": 2.5,
    "enable_cnn_analysis": true,
    "cnn_analysis_weight": 2.0,
    "cnn_model_url": null,
    "cnn_batch_size": 64,
    "cnn_confidence_threshold": 0.5
  },
  "logging": {
    "log_level": "WARNING",
    "log_dir": null,
    "console_output": true,
    "file_output": false,
    "structured_logs": false,
    "performance_monitoring": false,
    "max_file_size": 10485760,
    "backup_count": 3,
    "quiet_mode": true
  },
  "performance": {
    "enable_caching": true,
    "cache_size": 200,
    "cache_ttl": 1800,
    "enable_multiprocessing": true,
    "num_workers": 2,
    "chunk_size": 15,
    "memory_limit": 2048,
    "gpu_acceleration": true,
    "gpu_device_id": 0
  },
  "output": {
    "output_format": "json",
    "include_intermediate_scores": false,
    "include_confidence_intervals": false,
    "include_processing_metadata": false,
    "overlay_output": false,
    "overlay_font_scale": 0.6,
    "overlay_thickness": 1,
    "save_face_crops": false,
    "save_debug_images": false
  },
  "environment": "production",
  "debug_mode": false,
  "strict_validation": false,
  "config_version": "1.0"
}
