{
  "processing": {
    "target_fps": 15,
    "max_frames": null,
    "face_crop_size": 224,
    "face_detection_confidence": 0.6,
    "face_detection_method": "auto",
    "enable_face_tracking": true,
    "tracking_max_distance": 40.0,
    "min_face_size": [40, 40],
    "max_face_size": [250, 250]
  },
  "algorithms": {
    "enable_frequency_analysis": true,
    "frequency_analysis_weight": 1.0,
    "radial_frequency_bands": 10,
    "enable_rppg_analysis": true,
    "rppg_analysis_weight": 1.2,
    "rppg_bandpass_low": 0.75,
    "rppg_bandpass_high": 4.0,
    "rppg_window_size": 256,
    "enable_avsync_analysis": true,
    "avsync_analysis_weight": 1.1,
    "avsync_correlation_threshold": 0.35,
    "enable_geometry_analysis": true,
    "geometry_analysis_weight": 1.0,
    "geometry_smoothing_window": 7,
    "geometry_outlier_threshold": 1.8,
    "enable_cnn_analysis": true,
    "cnn_analysis_weight": 1.3,
    "cnn_model_url": null,
    "cnn_batch_size": 64,
    "cnn_confidence_threshold": 0.55,
    "fusion_method": "quality_adaptive",
    "enable_quality_weighting": true,
    "min_quality_threshold": 0.4,
    "uncertainty_penalty": 0.15,
    "temporal_fusion_window": 7
  },
  "logging": {
    "log_level": "INFO",
    "log_dir": "/var/log/deepfake-detector",
    "console_output": false,
    "file_output": true,
    "structured_logs": true,
    "performance_monitoring": true,
    "max_file_size": 20971520,
    "backup_count": 10,
    "quiet_mode": false
  },
  "performance": {
    "enable_caching": true,
    "cache_size": 500,
    "cache_ttl": 7200,
    "enable_multiprocessing": true,
    "num_workers": 4,
    "chunk_size": 20,
    "memory_limit": 4096,
    "gpu_acceleration": true,
    "gpu_device_id": 0
  },
  "output": {
    "output_format": "json",
    "include_intermediate_scores": true,
    "include_confidence_intervals": true,
    "include_processing_metadata": false,
    "overlay_output": false,
    "overlay_font_scale": 0.7,
    "overlay_thickness": 2,
    "save_face_crops": false,
    "save_debug_images": false
  },
  "environment": "production",
  "debug_mode": false,
  "strict_validation": true,
  "config_version": "1.0"
}
