{
  "video_info": {
    "path": "test_video.mp4",
    "total_frames": 30,
    "duration_seconds": 1.9333333333333333,
    "fps": 15.517241379310345
  },
  "tracking_config": {
    "max_missing_frames": 10,
    "min_track_length": 5,
    "iou_threshold": 0.5,
    "max_tracks": 5
  },
  "performance": {
    "temporal_tracking_time": 0.3378150463104248,
    "baseline_tracking_time": 0.021838903427124023,
    "speedup_factor": 0.06464751545452428,
    "frames_per_second": 88.80599111157535
  },
  "temporal_tracking_results": {
    "total_tracks": 0,
    "error": "No tracks to analyze"
  },
  "baseline_results": {
    "detected_faces": 0,
    "detection_rate": 0.0
  },
  "comparison": {
    "temporal_faces": 0,
    "temporal_detection_quality": 0.0,
    "consistency_improvement": 0.0
  }
}